Comment,Designator,Footprint,LCSC Part #
MPR121QR2,U2,SiliconLabs_QFN-20-1EP_3x3mm_P0.5mm_EP1.8x1.8mm,C91322
MPU-6050,U3,InvenSense_QFN-24_4x4mm_P0.5mm,C24112
10uF,C1,C_0603_1608Metric,C19702
100nF,"C2,C4,C5,C6,C8",C_0603_1608Metric,C14663
22uF,C3,C_0805_2012Metric,C45783
75k,R5,R_0603_1608Metric,C23196?
10nF,C7,C_0603_1608Metric,C57112
2.2nF,C9,C_0603_1608Metric,C1588
4.7k,"R1,R2,R3,R4",R_0603_1608Metric,C23162
ToF 4P,J1,JST_SH_SM04B-SRSS-TB_1x04-1MP_P1.00mm_Horizontal,C160404?
EYES 6P,J3,JST_SH_SM06B-SRSS-TB_1x06-1MP_P1.00mm_Horizontal,C160405?
AMP 5P,J6,JST_SH_SM05B-SRSS-TB_1x05-1MP_P1.00mm_Horizontal,C160403?
LED 3P,J5,JST_SH_SM03B-SRSS-TB_1x03-1MP_P1.00mm_Horizontal,C160402?
BAT,J4,JST_PH_S2B-PH-SM4-TB_1x02-1MP_P2.00mm_Horizontal,C295747?
CHG,J8,JST_PH_S2B-PH-SM4-TB_1x02-1MP_P2.00mm_Horizontal,C295747?
