Designator,Mid X,Mid Y,Layer,Rotation
J8,12.000mm,-27.800mm,Top,0
J4,2.000mm,-27.800mm,Top,0
J5,-7.500mm,-29.000mm,Top,0
J6,-16.500mm,-29.000mm,Top,0
J3,-23.000mm,22.000mm,Top,-90
J1,21.500mm,-14.000mm,Top,90
R4,13.000mm,18.000mm,Top,90
R3,-14.000mm,24.000mm,Top,0
R2,-14.000mm,27.500mm,Top,0
R1,-14.000mm,31.000mm,Top,0
C9,15.500mm,8.500mm,Top,0
C8,16.500mm,-0.500mm,Top,0
C7,13.500mm,-0.500mm,Top,0
C6,19.500mm,-0.500mm,Top,0
R5,-15.750mm,12.200mm,Top,90
C5,-11.400mm,12.200mm,Top,90
C4,-13.600mm,12.200mm,Top,90
C3,-24.500mm,-26.000mm,Top,90
C2,12.500mm,25.500mm,Top,0
C1,12.500mm,28.000mm,Top,0
U3,16.000mm,4.000mm,Top,0
U2,-16.000mm,8.000mm,Top,180
U1,0.000mm,24.500mm,Top,0
